title,link
2020#02 중국 남경 일상(feat. 신종 코로나 바이러스),https://blog.naver.com/khe22ll?Redirect=Log&logNo=221786665272
"신종코로나바이러스 국내 확진자 833명, 코로나19가 미치는... ",https://blog.naver.com/welcomebank1?Redirect=Log&logNo=221816488874
사무소와 계약 해지 / 일본 신종 코로나 변이 바이러스 전국적 확산,https://blog.naver.com/dnbuy?Redirect=Log&logNo=222270503184
| 우한폐렴 | 신종 코로나바이러스 원인ㆍ증상ㆍ예방법,https://blog.naver.com/lifetongwon?Redirect=Log&logNo=221798443484
2020.2.3  신종 코로나 바이러스 폐렴과 중국 증시의 급락 개장.,https://blog.naver.com/gaajur?Redirect=Log&logNo=221794559456
신종코로나보험 신중하게 확인하고 진행해보는 TIP,https://blog.naver.com/singkfka?Redirect=Log&logNo=221888790043
[투자레터11]신종 코로나바이러스 패닉 셀링 ★ 줍줍 종목은,https://blog.naver.com/alloga?Redirect=Log&logNo=221788936604
신종 코로나바이러스 예방 자동차 관리법,https://blog.naver.com/exhappyway?Redirect=Log&logNo=221795217843
[중국우한폐렴] 신종 코로나바이러스의 원인 심각성 / 증상... ,https://blog.naver.com/macho750?Redirect=Log&logNo=221824103804
신종코로나19 예방수칙과 대응법에는 어떤 것이 있을까?,https://blog.naver.com/kangss0?Redirect=Log&logNo=221815427502
"신종 코로나 바이러스 19를 대처하는 중국정부, 본질을 흐리고... ",https://blog.naver.com/ynk5789?Redirect=Log&logNo=221826355626
"신종코로나 시대, '그 많던 독감과 감기는 다 어디로 갔을까?'",https://blog.naver.com/ahxnddl2738?Redirect=Log&logNo=222202652482
아비간 일본에서 코로나19 치료제로 신종플루약 처방,https://blog.naver.com/sol_2love?Redirect=Log&logNo=221820240926
우한 폐렴 신종 코로나 바이러스 12번째 확진자 정보 및 예방법,https://blog.naver.com/lookbylook?Redirect=Log&logNo=221792448671
신종 코로나 바이러스와 싸우는 로봇,https://blog.naver.com/futurejob8888?Redirect=Log&logNo=221802231257
신종 코로나 바이러스에 대하여,https://blog.naver.com/animalkara?Redirect=Log&logNo=221787990386
[건강어부바] 신종 코로나바이러스 증상 및 주의할 점,https://blog.naver.com/cuf1105?Redirect=Log&logNo=221794721090
2020.2.1  미국 증시의 이격 조정 그리고 신종 코로나 바이러스,https://blog.naver.com/gaajur?Redirect=Log&logNo=221792320427
환율 - 1100원대 진입 + 신종코로나 확진자 569명,https://blog.naver.com/marie95?Redirect=Log&logNo=222155871396
"/ 일본 후생노동성 신종 코로나 화이자 백신 승인, 이번 주부터... ",https://blog.naver.com/dnbuy?Redirect=Log&logNo=222243887069
신종코로나 수혜주로 꼽혔던 신풍제약우를 알아보자.,https://blog.naver.com/sexymoon?Redirect=Log&logNo=222113981495
신종 코로나바이러스 자가격리 대상자 생활수칙!,https://blog.naver.com/seouledu2012?Redirect=Log&logNo=221805020171
신종 코로나바이러스 - 메르스와 우한폐렴 비교,https://blog.naver.com/ipudo?Redirect=Log&logNo=221788745013
중국 우한 신종 코로나 바이러스 병원이 10일 만에 완공... ,https://blog.naver.com/leeandarchi?Redirect=Log&logNo=221798221911
"신종 코로나바이러스 비켜, 손소독제 만들기!",https://blog.naver.com/o2gunpo?Redirect=Log&logNo=221799864256
"미국, 신종 코로나 감염자 치료에 로봇 투입",https://blog.naver.com/tech-plus?Redirect=Log&logNo=221789725047
신종 코로나바이러스 7번째 확진자 발생! 새로운논문총정리,https://blog.naver.com/lookbylook?Redirect=Log&logNo=221791402807
일본의 신종 코로나바이러스에 의한  자동차 교통 상황의 변화,https://blog.naver.com/koti10?Redirect=Log&logNo=222189106999
신종 코로나바이러스 감염 증상과 예방법,https://blog.naver.com/kescomiri?Redirect=Log&logNo=221788974228
신종코로나바이러스 예방 안내문,https://blog.naver.com/fptvmf1202?Redirect=Log&logNo=221849666735
[리드더테라피] 신종코로나19에도  잘 되는 피부관리실은 다... ,https://blog.naver.com/bellissimakorea?Redirect=Log&logNo=222263088457
신종코로나 확진자 950명 + 스마트해빗4기반 해단식,https://blog.naver.com/marie95?Redirect=Log&logNo=222171311337
신종코로나바이러스예방 행동 수칙,https://blog.naver.com/kyungrock2?Redirect=Log&logNo=221812702916
일본 신종 코로나 긴급사태... 오사카 신종 코로나 감염자... ,https://blog.naver.com/dnbuy?Redirect=Log&logNo=222228798140
신종 코로나바이러스 l 증상과 예방 수칙은?,https://blog.naver.com/knredcross?Redirect=Log&logNo=221783080820
대구도시철도가 신종 코로나 바이러스와 싸우는 방법,https://blog.naver.com/dtroblog?Redirect=Log&logNo=221789997293
신종코로나 - 최대집 회장에 대한 평가,https://blog.naver.com/ipudo?Redirect=Log&logNo=221836084407
"중국 우한 폐렴, 신종 코로나바이러스 증상 및 예방수칙",https://blog.naver.com/yeongju_city?Redirect=Log&logNo=221782529722
신종코로나바이러스 공기 청정기랑 가습기로 이겨내봐요~,https://blog.naver.com/lemontree1116?Redirect=Log&logNo=221804662630
['20.12월 사랑나눔] 신종코로나 바이러스 속 사람들을 위한... ,https://blog.naver.com/munsaem?Redirect=Log&logNo=222163701688
신종코로나19바이러스 생존기간,https://blog.naver.com/dews333?Redirect=Log&logNo=221788403617
우리동네 신종 코로나 바이러스 이해와 선별진료소 확인 방법,https://blog.naver.com/deusos?Redirect=Log&logNo=221791215893
신종 코로나 바이러스 예방수칙&amp;예방법,https://blog.naver.com/greencoy79?Redirect=Log&logNo=221818915418
부원장  신종코로나도 막을 수 없는 성장 비결 피부관리실... ,https://blog.naver.com/bellissimakorea?Redirect=Log&logNo=222268261892
신종 코로나 19 시대의 평화와 통일에 대하여 / 이성운 기자,https://blog.naver.com/jrunikorea?Redirect=Log&logNo=222170135978
신종코로나바이러스(nCoV)는 무엇인가?,https://blog.naver.com/genetic2002?Redirect=Log&logNo=221785606683
신종 코로나바이러스 감염증 합동 브리핑(9차),https://blog.naver.com/happyjejudo?Redirect=Log&logNo=221799755135
‘신종 코로나바이러스 감염증’ 국내 긴급지원 현황,https://blog.naver.com/sayholt?Redirect=Log&logNo=222010598187
신종코로나확진자가 다녀갔던 곳 가도 될까요?,https://blog.naver.com/seogwipo-si?Redirect=Log&logNo=221796082336
"COVID 19 - 신종 코로나 바이러스, 독감, 감기, 알러지 증상 비교",https://blog.naver.com/cicillia?Redirect=Log&logNo=222129694241
신종 코로나 - 나쁜 전문가들과 더 나쁜 전문가,https://blog.naver.com/ipudo?Redirect=Log&logNo=221842801206
"정부, 신종 코로나바이러스 긴급대응연구 추진",https://blog.naver.com/with_msip?Redirect=Log&logNo=221798805073
['21.2월 사랑나눔] 신종코로나 바이러스 속 사람들을 위한... ,https://blog.naver.com/munsaem?Redirect=Log&logNo=222245181903
신종 코로나 완치자의 자술서,https://blog.naver.com/liangfl1028?Redirect=Log&logNo=221802303419
신종코로나바이러스도 울고갈 열공모두.....,https://blog.naver.com/kkhyon0509?Redirect=Log&logNo=221795528030
"비상사태, 신종 코로나바이러스! 우리 모두가 예방에 힘써야... ",https://blog.naver.com/soluny01?Redirect=Log&logNo=221795910178
[인민화보] 신종 코로나바이러스 감염증(新冠肺炎),https://blog.naver.com/touchchina?Redirect=Log&logNo=222203584315
국립광주과학관 신종코로나바이러스 확산 예방 운영,https://blog.naver.com/sciencenter?Redirect=Log&logNo=221804675196
[포스트코로나] 신종코로나로 집콕하는  요즘 고객 관심사는... ,https://blog.naver.com/bellissimakorea?Redirect=Log&logNo=222231594098
신종 코로나바이러스 예방을 위한 면역력 높이기,https://blog.naver.com/safeppy?Redirect=Log&logNo=221798335034
신종 코로나바이러스 감염증 합동 브리핑(11차),https://blog.naver.com/happyjejudo?Redirect=Log&logNo=221803173669
"방송가요계, 신종 코로나바이러스로 비상… 콘서트... ",https://blog.naver.com/bug1003?Redirect=Log&logNo=222263880538
신종코로나 막는 마스크 사용법!,https://blog.naver.com/nature_food?Redirect=Log&logNo=221796215462
#신종코로나감염증 불안해소를 위한 소독방법은?,https://blog.naver.com/kgu9608?Redirect=Log&logNo=221804773800
신종 코로나바이러스 우한 폐렴 예방법,https://blog.naver.com/kornicglory12?Redirect=Log&logNo=221790196708
마스크가 품절대란이다. 미세먼지 보다 신종코로나 때문에...,https://blog.naver.com/crom234?Redirect=Log&logNo=221792223037
신종 코로나 바이러스 변종이란 무엇입니까?,https://blog.naver.com/yeojooya?Redirect=Log&logNo=222266784472
"행안부, 신종코로나바이러스 확산 방지 총력 대응",https://blog.naver.com/mopaspr?Redirect=Log&logNo=221787643643
인터뷰 : 신종 코로나 바이러스가 일본의 의료에 미치는 영향 ①,https://blog.naver.com/silveritv?Redirect=Log&logNo=222268050912
신종코로나 사태로 식당 97.9%가 매출 감소,https://blog.naver.com/recipekorea?Redirect=Log&logNo=221806664543
신종코로나 신규확진 451명 + 우리 증시는요~,https://blog.naver.com/marie95?Redirect=Log&logNo=222159223168
[1년 전 오늘] 우한폐렴 신종 코로나바이러스 예방 5가지 수칙,https://blog.naver.com/baiksange?Redirect=Log&logNo=222224332972
오늘 주식시황❤️ + 신종코로나바이러스 확진자 상황,https://blog.naver.com/marie95?Redirect=Log&logNo=222149836631
신종코로나 바이러스,https://blog.naver.com/ohsein99?Redirect=Log&logNo=222249239593
또 다른 신종 코로나바이러스 유발시킬 동물은?(연구),https://blog.naver.com/jsjm99?Redirect=Log&logNo=222248819444
신종 코로나 바이러스는 네코노미의 체내에서 증식 할 수있다.,https://blog.naver.com/s61065131?Redirect=Log&logNo=222069129962
신종 코로나바이러스 감염증과 감기 독감의 차이점 어떤게... ,https://blog.naver.com/daejeontour?Redirect=Log&logNo=221806139169
신종 코로나바이러스 불안감에따른 우울증,https://blog.naver.com/yoynghwa6?Redirect=Log&logNo=221802914155
인터뷰 : 신종 코로나 바이러스가 일본의 의료에 미치는 영향 ②,https://blog.naver.com/silveritv?Redirect=Log&logNo=222268055355
위클리옵션 만기일 + 신종코로나 확산세,https://blog.naver.com/marie95?Redirect=Log&logNo=222148363021
신종코로나속에서 겨울을 즐기는 방법 여명아침산책,https://blog.naver.com/futurecode1?Redirect=Log&logNo=222186313771
['21.1월 사랑나눔] 신종코로나 바이러스 속 사람들을 위한... ,https://blog.naver.com/munsaem?Redirect=Log&logNo=222192334773
이탈리아에서는 왜 신종 코로나 사망률이 높은가?,https://blog.naver.com/yimin3181?Redirect=Log&logNo=221857565192
2021년  인도네시아 외국인 입국불가 (신종 코로나),https://blog.naver.com/spirals?Redirect=Log&logNo=222188615143
신종코로나 확진자 상승추세 + 선물옵션동시만기일 D-3,https://blog.naver.com/marie95?Redirect=Log&logNo=222166607652
2월 신종 코로나바이러스 예방수칙 OX퀴즈 이벤트,https://blog.naver.com/kahp_blog?Redirect=Log&logNo=221798638751
신종 코로나바이러스 중국어로?,https://blog.naver.com/xiaojun1004?Redirect=Log&logNo=221802941008
일본에서 발견된 또 다른 신종 코로나 변이 바이러스,https://blog.naver.com/clearchem?Redirect=Log&logNo=222204433975
[1년 전 오늘] 신종 코로나 바이러스의 최전선이 된 나의... ,https://blog.naver.com/younhan73?Redirect=Log&logNo=222227024112
진단 불가능한 신종 변이 코로나19 발견,https://blog.daum.net/hamkke/6614
세계의 부채가 신종코로나의 영향으로 '총 30경 원'에 도달,https://perfectmoment.tistory.com/1975
'빅맥 지수'로 본 러시아 루블화 - 신종 코로나 시대에 가장... ,https://blog.daum.net/bishkek/18340137
신종 코로나 백신의 ABC,https://blog.daum.net/naganchun/4311
"신종 코로나, 러시아 '새해 맞이' 축제판을 완전히 덮어버렸다",https://blog.daum.net/bishkek/18340104
vadada/바다다/ COVID19 ㅡ 2020년 신종 코로나 바이러스가... ,https://blog.daum.net/vadadaaa/109
미국 도널드 트럼프 대통령 신종 코로나바이러스 감염,https://blog.daum.net/our-21c-park/16487817
신종 코로나바이러스 후유증,https://blog.daum.net/hwany6050/1678
신종 코로나바이러스 여파로 빈곳 많은 농구장,https://photop1.khan.kr/entry/%EC%8B%A0%EC%A2%85-%EC%BD%94%EB%A1%9C%EB%82%98%EB%B0%94%EC%9D%B4%EB%9F%AC%EC%8A%A4-%EC%97%AC%ED%8C%8C%EB%A1%9C-%EB%B9%88%EA%B3%B3-%EB%A7%8E%EC%9D%80-%EB%86%8D%EA%B5%AC%EC%9E%A5
신종 코로나 시대에 느닷없는 러시아군의 남서부 군관구... ,https://blog.daum.net/bishkek/18340032
&quot;신종 코로나바이러스가 바닷물에서 생존 가능하다&quot;는데... ,https://blog.daum.net/bishkek/18340038
